,StudentID,Content,ArgumentLevel,ReasoningLevel
0,GS_VJL711_Redacted,since the room be dark and it be hard to read the cramped number on the veriner the angle of diffraction could be measure imprecisely we conclude that this be the major factor that affected the inaccurate rydberg constant there could be various systematic error that affected the result we try to perfectly align the spectrometer but this could be unsuccessful also the position of the lamp should have be a close to the slit a possible since it be directly related to the intensity of the light this could make u see the cyan colour light the air pressure and humidity be also other source but we decide that they be negligible in the experiment we try to measure the rydberg constant use a hydrogen gas tube and a spectrometer and we get ùëÖ ‚àû 10.5 √ó 10 6 ¬± 4.4 √ó 10 6 ùëö ‚àí1 which be only 0.4 unit less than the theoretical value however we fail to obtain the precise value a our uncertainty be over 40 percent of our value and we conclude that the width of the slit be not narrow enough to produce the precise result this could be improve by repeat the experiment in a darker room with a narrower slit width and a clearer vernier a for reference this be the code that have be use for data analysis,extended,bal
1,GS_GXI055_Redacted,the data that we gather from the method be summarise in table 1 and table 2 we observe the light from the licl to be red and the light from the cuso 4 to be green. this be all do in python in conclusion the value of the wavelength for photon emit from licl be ùúÜ 682 √ó 10 ‚àí7 ¬± 800 √ó 10 ‚àí7 m the value for the wavelength of the photon emit from cuso 4 be ùúÜ 5.43 √ó 10 ‚àí7 ¬± 4.5 √ó 10 ‚àí8 m neither of the value for the wavelength that we have determine through our experiment agree with the accepted value for wavelength of the photon emit from the compound there be a percentage difference of 3 for licl and 11 for cuso 4 from the accepted value,extended,the
2,GS_NGT657_Redacted,the graph below show the average of the data collect for each colour line at each order where negative order and angle correspond to those in the direction define previously the error bar include on the plot have be calculate use the range of the data discussion of why this method be chosen follow later the error bar prove so small they be unclear on figure 3 so an example point be show in figure 4,deep,bal
3,GS_HHM124_Redacted,we initially estimate the error for each measurement base on the difference between our recording and the width of the interference line which be approximately 2 arcminute most of the error be in the range of 3 to 6 arcminute however there be some measurement be the uncertainty range do not cover the same value a the measurement on the opposite side with the opposite order number since this indicate that the error estimation have to be too small i decide to increase the error associate with the two measurement these error get large than i hop but fortunately there be at least three measurement for each colour that be quite accurate the aim of this experiment be to obtain the value of rydberg 's constant the experimental procedure be quite good because we have obtain an accurate value for the constant but there be still some possibility for improvement we should have definitely checked that we have observe the right colour since it turn out that one of the observe one be not come from hydrogen this be not a huge problem since the constant could still be derive from other colour furthermore we could have also minimize other error we could have repeat the calibration until the central interference line would be at exactly 0 degree because probably then we would have also see small difference between the measurement on opposite side the error on the distance between two slit be also probably an overestimation one way to low it would be two use light with know wavelength find it interference patter and calculate the distance between two slit with the associate uncertainty the great strength of the data analysis for this experiment in my opinion be use the sine of angle versus order number graph because it really help to low the uncertainty in the slope and consequently in the rydberg constant,expert,bal
4,GS_BSS023_Redacted,our experimental result confirm the expectation of the linear relationship between the order number and the sine of the angle at which interference maximum occur a be evident from the figure below however when plot the residual obtain when we subtract the expect value from the real value a nonlinear trend be observe which point to systematic error occur in our experimental setup therefore for the red and aqua maximum we obtain the percentage error on these value be 0.28 and 0.22 for red and aqua respectively which implies high statistical accuracy derive from the large sample base and low overall random error the random error which do exist be likely due to not reading the middle of the emission line accurately statistical error could be even far reduce by systematically building an even large database of measurement use a grate spectrometer we be able to precisely measure rydberg 's constant,expert,the
5,GS_FTZ138_Redacted,table 1.1 to 1.3 below be present a such because each of the three colour violet cyan red be analyse separately to give a distinct wavelength,superficial,exp
6,GS_BYH124_Redacted,the wavelength of sodium obtain in this experiment be 878 ¬± 180 run the latter do not fall in the range between 589.0 run and 589 .6 run even if we consider the uncertainty associate with it this prof that the calibration be not properly do or/and there be lot of systematic e1rnrs the graph figure 7 below show the straight-line relationship of d sin 0 against order m. for the second graph figure 8 which depicts the plot of the three visible component of hydrogen the w avelength obtain for the red component be 67 1 ¬± 82 run that of the blue component be 480 ¬± 140 nm and finally the wavelength of the violet component be 625 ¬± 120 nm the wavelength of the red and blue l ‚Ä¢,superficial,the
7,GS_TGO908_Redacted,after obtain value for ùúÉ for different order number n plot graph for ùë†ùëñùëõùúÉ against n give straight line for each wavelength due to the proportional relationship between them with a gradient use the covariance matrix in python the graphical uncertainty show in table ii can be calculate along with value for the rydberg constant in table i the error from measure and incorrect calibration be much high than these value meaning they be more significant than the statistical error from table i the average rydberg constant can be calculate a 10 863 637 m -1 the uncertainty from table ii table iii and the standard error from the mean calculation add in quadrature give the uncertainty correspond with the average rydberg constant which be 231 705 m -1 therefore the result of the experiment be in this experiment the value obtain for the rydberg constant be in the same magnitude a the measure value also it be consistent to 2 significance level,superficial,bal
8,GS_LEH982_Redacted,put together the different measurement and use the statistical method to determine the error we obtain the result show in table i where ùúÉ blue be the angle of the blue ray the accepted value of the rydberg constant ùëÖ ‚àû 10 973 731.6 ùëö ‚àí1 1 lie within our margin of error our estimate for the rydberg constant be ùëÖ ‚àû exp 1.08 ¬± 0.02 √ó 10 7 ùëö ‚àí1 and be coherent with the theory we observe that the hydrogen atom emits only at certain wavelength which be coherent with the quantum picture and the description of light a a particle in the experiment we also experienced diffraction of light through the grate a phenomenon more easily explain by a wave-like picture of light this experiment be one of the few that relates quantum mechanic to optic allow u to encounter the wave-particle duality,superficial,the
9,GS_VLS445_Redacted,below be graph of sin ùúÉ against m for each colour these be use to calculate the wavelength below be graph of sin ùúÉ against m for each colour these be use to calculate the wavelength from the above graph it be clear that one point be an anomaly and so it be not include in the calculation the reason it be so far off from the trendline be that the blue light measurement be take use one lamp whereas the other two be both do use the same lamp although use only 2 point reduces the validity of the experiment conclusion can still be make furthermore the wavelength obtain be of the same order of magnitude but they be low than their actual value this be due to a systematic error which in this experiment be human error in reading the angle from the spectrometer,superficial,none
10,GS_CYF541_Redacted,the experimental data obtain in this experiment be diffraction angle for the three different spectral line of hydrogen at different negative and positive order hence a graph of sin Œ∏ v the order m be obtain the main aim of the conduct experiment be to calculate the value of rydberg constant the major result be therefore the r 11123886.85 ¬± 1317838 m -1 the calculate value of the along with it error lie within the range of the actual value of the rydberg constant the key success in the experiment be mainly be able to measure the diffraction angle the wavelength of the spectral line and thus the rydberg constant the main shortcoming be the rather large random error associate with the value of the rydberg constant this can be attribute to instrumental and random error related o the measurement take and possibly also to systematic error mainly due the calibration of the spectrometer,superficial,bal
11,GS_FHG790_Redacted,during the ei :periirent three dis tinct colour of light be visib le red aqua and blue these equate to the first three hydrogen balrrer line ha and hy the aim of the experiment be to obtain a value for the rydberg constant by measure the wavelength of the hydrogen balmer line use a grate spectrometer this result in a value for r‚àû of 10860000 ¬± 31690 m -1 a oppose to the literature value of 10973731.568508 m -1 with a relative standard uncertainty of 5.9 √ó 10 ‚àí12 our value disagrees with the accepted value by 1.1 which be outside our experimental uncertainty in a future similar experiment more preliminary data should be take and analyse a this would allow for systematic error to be lower a the equipment could be reset if they be notice also more wavelength of light should be include a this will reduce the uncertainty in the final result,superficial,the
12,GS_YXT141_Redacted,in this experiment the rydberg constant for hydrogen be calculate a 1.1004 ¬± 0.0004 √ó 10 7 m ‚àí1 use angle measurement take with a grate spectrometer a hydrogen vapour lamp be use a the light source in order to observe fig 11 all of the calculate value for the rydberg constant value from run 1 have a large spread than those from run 2. also the value from run 1 have much wider uncertainty than from run 2 run 2 use the in/out method whereas run 1 do not average mean be take of the calculate value for run 1 run 2 and for all of the value these value be also plot alongside the individual emission line calculation for reference the accepted value for r‚àû have be plot 1.09737316 √ó 10 7 m ‚àí1 1 the accepted value for r‚àû do not lie within any of the range define by the calculate value uncertainty,superficial,none
13,GS_LZH215_Redacted,the graph produce from the red spectral line be show below in figure 6 the aim of this experiment be to determine the rydberg constant this be do by find the wavelength of the spectral line associate with the balmer series we found this by the principle of diffraction a different wavelength of photon will diffract through a diffraction grate by different angle,deep,the
14,GS_SZB587_Redacted,our experiment be aim at measure the rydberg constant by analyse the balmer series for hydrogen use a diffraction grate spectrometer we measure the wavelength of two of the spectral colour of the series the wavelength of the red colour be measure to be 660 ¬± 10 nm while the wavelength of the green colour be measure to be 490 ¬± 6nm these value be use to calculate a value for the rydberg constant for the hydrogen atom which we found to be 1090 ¬± 10 √ó 10 4 m ‚àí1 we then use bohr 's atomic model formula for rydberg 's constant and found that the difference between the rydberg constant for hydrogen and that for heavy element be small than we could detect due to the size of our uncertainty in measurement in angular displacement,deep,bal
15,GS_QPL350_Redacted,the spectrometer have a precision about ¬±0.2 nm in this experiment this be very small compare to other error like curve fitting error thus it be neglectable there be two different type of spectral line appear blue line and red line an experiment be carry out to determine the rydberg constant by measure the relationship between the deflect angle Œ∏ and order number use grate spectrometer and sodium lamp the rydberg constant be calculate from spectral line with two different colour red and blue the result be 11106723.9¬±820786.9 m -1 for the blue spectral line and 10953202.4¬±745913.1 m -1 for the red the accepted value 10973731.6 m -1 be within the range of both result,superficial,bal
16,GS_PLS878_Redacted,i identify 3 major source of systematic error in the experiment there would clearly be uncertainty due to the resolution of the vernier scale ·µí due to the fact there be uncertainty in the 0 position and the final measure value there would also be some uncertainty due to the thickness of the emission line which we measure to be the aim of the experiment be to calculate a value for the rydberg constant this be do by use a hydrogen lamp and a grate spectrometer to measure the diffraction angle of hydrogen balmer line this allow Œª to be calculate and subsequently a value for the rydberg constant to be obtain the average value of the rydberg constant i produce be r ‚àû 1.069¬±0.151 √ó10 7 m -1 the theoretical value of 1.097√ó10 7 m -1 be within the uncertainty range of the average measure value this suggests the result be accurate which will be because of the high-resolution vernier scale use a well a the procedure take to ensure a focus sharp image be produce such a place the hydrogen lamp ~1cm from the slit which be narrow a much a possible however the value have a large associate error which will be primarily due to the fact the hydrogen lamp be dim and overheat when the purple and red line measurement be make this meant only the 1 st order fringe of each be visible meaning a different method of error analysis be need for the red and purple light which yield large error to improve the experiment it could be repeat in a completely dark room with no other group and with enough time to obtain more result for red and purple light,extended,bal
17,GS_CCY232_Redacted,a graph of sin ùúÉ against m be plot for the three colour red aqua and blue the width of the spectral line be measure to be 0.3¬∞ 1s.f so the uncertainty in the angle be ¬±0.2¬∞ 1s.f. the uncertainty in the gradient be calculate by plot a graph of maximum gradient and minimum gradient for each colour and then calculate half of the difference between them this be carry through to the error in wavelength where the fractional error of the gradient and the slit separation would have be add in quadrature however error in the slit separation if any would be extremely small a the slit separation be approximately 3 √ó 10 ‚àí6 so this error be deem negligible therefore the fractional error of the gradient be simply multiply by the wavelength to obtain the uncertainty in the wavelength the aim of the experiment be to calculate the value of the rydberg constant the method use involve measure the angle of hydrogen spectral line and calculate the wavelength by use path difference and phase difference formula and plot a graph from this the rydberg constant be calculate use the rydberg formula and the constant be found to be 11100000¬±300000 m -1 error to 1s.f. this value be accurate but not very precise when compare to the know value of 10973731.6 m -1 the lack of precision be cause by the broadness of the spectral line which increase the uncertainty and may have cause systematic error to improve more consideration can be take to reduce the thickness of the spectral line and well evaluation of potential systematic error can be make overall the experiment calculate the rydberg constant accurately because the know value be within the range of the measure value and successfully demonstrate many aspect of spectroscopy,expert,bal
18,GS_JSR480_Redacted,"from equation 2 it be clear that a graph of sin Œ∏ m against fringe order m should show a linear relationship both red and blue plot show this after plot the blue result figure 4 it be notice that all point have a similar gradient but there be a step in value between the m=0 and m=1 fringe this imply incorrect label of fringe number by change point m=1,2 to point m=2,3 respectively the far more concordant graph be plot show in figure 5 the difference become even more apparent on plot the residual of the original and correct plot a in figure 6 from equation 2 it be clear that a graph of sin Œ∏ m against fringe order m should show a linear relationship both red and blue plot show this after plot the blue result figure 4 it be notice that all point have a similar gradient but there be a step in value between the m=0 and m=1 fringe this imply incorrect label of fringe number by change point m=1,2 to point m=2,3 respectively the far more concordant graph be plot show in figure 5 the difference become even more apparent on plot the residual of the original and correct plot a in figure 6 the aim of the experiment be to find an accurate value for the rydberg constant by analysis of the hydrogen emission spectrum use a grate spectrometer upon calculation of the wavelength of two different set of colour fringe and comparison to the balmer series two value for r h be found use the balmer equation vary degree of accuracy and approximately determine error limited reliability however the final result be both accurate and precise with the accepted value 1.10 √ó 10 7 m ‚àí1 within the range of uncertainty of the empirical value 1.07 ¬± 0.04 √ó 10 7 m ‚àí1 in the case of this experiment be repeat a few simple improvement described in this report should be implement include a well description of uncertainty and proper identification of colour these change could improve the accuracy of the result",extended,bal
19,GS_FHJ539_Redacted,only three of the four balmer line of hydrogen be visible these be balmer alpha balmer beta and balmer gamma with the wavelength 649 ¬± 14 nm 486 ¬± 3 nm and 433 ¬± 3 nm respectively the fourth line be very dim and no appropriate measurement of it could be take the value of the rydberg constant ùëÖ ‚àû be calculate to be 1.09 ¬± 0.04 √ó 10 7 m -1 the aim of the experiment be to measure the hydrogen balmer series and to calculate the value of the rydberg constant r‚àû use a diffraction grate spectrometer three line of the balmer series balmer alpha beta and gamma be observe however the fourth line which have a wavelength of 410 nm could not be see ùëÖ ‚àû be calculate by measure the transition wavelength of the hydrogen atomic spectrum by use the grate equation the value of ùëÖ ‚àû be found to be 1.09 ¬± 0.04 √ó 10 7 m -1 accurate to 3 significant figure the accepted value of ùëÖ ‚àû which be 1.097 √ó 10 7 m -1 lie within the range of value the experiment be accurate in measure the value of ùëÖ ‚àû a the value found in the experiment lie within one standard deviation of the accepted value the experiment be quite precise have a total uncertainty of 3.7 even though the total value include correction for the systematic error present these systematic error include the spectrometer misalignment the lamp position grate period fringe width and background light,superficial,bal
20,GS_PAO564_Redacted,the angle that be collect in the measurement for each order and colour be then subtract from the zero order angle for each respective measurement and this angle be Œ∏ for each different order which be then substitute into equation 2 where d be 1/78800 the diffraction grate have 78.8 line per mm so d be 1/lines per m this result in multiple wavelength for each colour red purple and blue so the average be take for each colour and this be the wavelength use to produce the final graph use equation 3 a graph of 1/wavelength be plot against 1/n 2 -1/p 2 and this be show in figure 2 the graph have a gradient of -9.846x10 6 ¬± 5.14x10 -2 and the intercept be 1.513x10 5 ¬± 1.583x10 -7 from this we can deduce the rydberg constant r Íöô to be 9.846x10 6 m -1 this be different from the commonly accepted value of 1.09678x10 7 m -1 and it could be due to multiple reason one reason could be that the measurement of the angle be not perfect and that there be inaccurate reading due to human error another possible cause could be the wrong alignment and focus of the grate spectrometer which could result in reading that be far from accurate a final cause for the discrepancy could be that due to the slightly blur line in the purple spectral line the edge be not a definitive a it be for the other colour and this could likely affect our reading and the error could propagate when calculate the line of best fit the aim of this experiment be to find the rydberg constant use a hydrogen lamp this be do by allow the light from the hydrogen lamp to pas through a grate spectrometer and the spectral line be observe and the figure 2 the above graph show the correlation between wavelength and energy level transition the gradient of this graph represent the rydberg constant which be found to be -9.846x10 6 ¬± 5.14x10 -2 and the intercept be 1.513x10 5 ¬± 1.583x10 -7,superficial,the
21,GS_JWW382_Redacted,"the final result obtain forr ‚àû from this experiment be 1.089 √ó 10 7 ¬± 82490m ‚àí1 therefore the standard accepted value of 10,973,731.6m ‚àí1 lie just outside the margin of error a table of the data represent the result for the red emission line angle be show in table i and the result for the blue emission line angle be show in table ii table iii show all final result that have be derive use the method discuss in section iv Œ∏ co represent the correct angle explain in section iv graph of both these set of data be show in fig 5 and fig 6 respectively the final result obtain forr ‚àû from this experiment be 1.089 √ó 10 7 ¬± 82490m ‚àí1 therefore the standard accepted value of 10,973,731.6m ‚àí1 lie just outside the margin of error a table of the data represent the result for the red emission line angle be show in table i and the result for the blue emission line angle be show in table ii table iii show all final result that have be derive use the method discuss in section iv Œ∏ co represent the correct angle explain in section iv graph of both these set of data be show in fig 5 and fig 6 respectively",superficial,the
22,GS_TAP080_Redacted,a see in figure 6 the relationship between order m and sin Œ∏ for all three value of Œª follow a linear relationship this result agrees with what be predict by equation 3 however the balmer series include other prominent line a see in figure 5 -several close to ultravoilet and hence not clearly visible but one in the visible spectrum with Œª 410 nm which be not see this may mean that the hydrogen atom be not excite enough to produce this line or that it be too dark to be see perhaps a well lamp and a darker room would allow for this spectral line to be observe the value for Œª obtain from each gradient yield a minimal uncertainty a be see in table i -the large percentage uncertainty be 0.72 for red light d have negligible uncertainty which implies that the uncertainty in the value of Œª be only dependent on the uncertainty in the gradient of the line of best fit from equation 12 the uncertainty in the gradient be dependent on the consistency and accuracy of our measurement for Œ∏. a the spectrometer be a very accurate instrument capable of a precision of under three part in ten thousand 1 the error do not originate from the limitation of the setup but be systematic far n and p be constant and hence the systematic error in r ‚àû originates from that in Œª. our value for r ‚àû a give in equation 14 differ by 0.97 from the true value far an error of 0.31 on the mean be very small and do not include the true value this suggests the presence of a small systematic error,prediction,bal
23,GS_WFX625_Redacted,the result for the angle of the various order of the red and blue spectral line be show in table 1 the result show a clear trend of a roughly 3¬∞ interval between red order and a roughly 2¬∞ interval between blue order this be consistent with what we expect a red light have a large wavelength than blue light from equation 4 we can see that sinŒ∏ be proportional to the wavelength of the light and with a range roughly twenty to thirty degree we know that Œ∏ will be roughly proportional with sinŒ∏ Œ∏ will increase with sinŒ∏ the aim of this experiment be to determine the value for rydberg 's constant use a grate spectrometer with a 78.8 line/mm grate and a hydrogen lamp use a hydrogen lamp allow u to calculate rydberg 's constant use the balmer series by measure the angle for the various order of red and blue spectral line we obtain a final experimental value for the rydberg constant of 10920067.6814m -1 ¬± 186799.5522m -1 ¬±1.71 and decide the large source of error be due to the fact that we only use two different spectral line which give a high standard deviation for our final result we believe this error could be reduce by change the light condition such that the other spectral line can be see and attempt to take data for high order of the diffract line,superficial,bal
24,GS_FYO506_Redacted,each measurement of the angle have an overall uncertainty of ¬± 25 this come from the width of each diffract maximum and the fact that it be difficult to determine where the vernier scale aligns when take the measurement both of these factor remain consistent throughout the rydberg constant be calculate to be 10 990 000 ¬± 95 000 m ‚àí1 with the accepted value within the range of uncertainty,expert,bal
25,GS_CZD812_Redacted,for the red and light blue wavelength 6 reading of Œ∏ be take in total go up to n 3 for each side for the violet wavelength only 4 reading be take up to n 2. hence the uncertainty in r ‚àû calculate from violet light be expect to be large than the other two to summarise in this experiment i set up a grate spectrometer in order to take accurate measurement of the angular displacement of n th order maximum from the 0 th order maximum i do this for 3 different wavelength which be 3 spectral line correspond to 3 different electron transition to energy level 2 in hydrogen,superficial,exp
26,GS_LXZ649_Redacted,t he graph for each colour 's d sin Œ∏ against n be show in figure 3 this graph be plot base on equation 2 each data point be the mean of the three repeat take the uncertainty in the y-axis be found use the standard error formula give in the lab manual 8 base on equation 2 t he graph for each colour 's d sin Œ∏ against n be show in figure 3 this graph be plot base on equation 2 each data point be the mean of the three repeat take the uncertainty in the y-axis be found use the standard error formula give in the lab manual 8 base on equation 2 o verall the experiment be very successful the initial goal of calculate the rydberg constant be achieve with extremely low uncertainty of 1.67 largely due to the use of the vernier scale and diffraction grate the value of the rydberg constant that we found be r ‚àû 1.080 ¬± 0.018 √ó 10 7 m ‚àí1 which be very close to and within our uncertainty of the codata accepted value of r ‚àû 1.097 √ó 10 7 m ‚àí1,extended,bal
27,GS_LUU804_Redacted,table 1 2 and 3 show the result obtain from the experiment figure 2 show a plot of these result the error in these result be due to myself and my partner lack of confidence in our 2,superficial,the
28,GS_GQR325_Redacted,table 1 show 11 set of angle and correspond order for the red line a graph be obtain from those data by use computer show in fig 3 fig 3 linear relationship between sin of angle difference and order number this experiment be design to measure the spectrum of hydrogen and deduce the value of rydberg constant by use spectrometer to measure the wavelength in balmer series directly the angle be measure to obtain the wavelength of the light by use diffraction then the rydberg constant be calculate from the rydberg formula only two wavelength be measure in the experiment in the case n=3 and 4. our result of rydberg constant be 10700000¬±990000ùëö 2 which have a reasonable uncertainty around 8 this result contain the predict value of rydberg constant which be 10973731.6 ùëö 2 although this result be not bad but we still found many systematic and random error in the experiment,superficial,exp
29,GS_PHU922_Redacted,when take measurement we identify three main source of contribute error these be glare and parallax when take measurement on the metal vernier scale uncertainty when align the crosshair with the middle of each spectral line and uncertainty a a result of visual interpretation when take measurement we identify three main source of contribute error these be glare and parallax when take measurement on the metal vernier scale uncertainty when align the crosshair with the middle of each spectral line and uncertainty a a result of visual interpretation the purpose of this experiment be to determine an accurate and precise value for the rydberg constant use a grate spectrometer our value be 1.1025√ó10 7 ¬± 2.5√ó10 4 m ‚àí1 this mean we be successful in determine a precise value because the percentage error for our value be low at 0.22 however we be unsuccessful in determine an accurate one a more precise value could 've be obtain by use a spectrometer with a high degree of precision along with a clearer scale e.g a digital one to reduce glare furthermore by take more measurement in addition have the hydrogen lamp be design in a well way such to reduce it aperture and the experiment have be conduct in isolation the effect of background light would have be nil lastly the diffraction grate use should 've be checked for damage or a brand new one should 've be use to avoid any chance of damage nullify the systematic error this have on our experiment,deep,the
30,GS_YUK005_Redacted,‚àÜùúÉ ùëñùëõ ùëëùëíùëîùëüùëíùëí the aim of this experiment be to find the rydberg constant,deep,bal
31,GS_BQD756_Redacted,to dete1mine the rydberg constant we first have to have accurate estimate of the transition wavelength of the emission band we be observe from figure 3 you can see that each band follow a linear relationship which pass through the origin the gradient at each point be equivalent to the transmission wavelength divide by the slit space use this data we compute the wavelength of each band the wavelength of the red band be 622.6 ¬± 0.7 nm the blue band be 493.3 ¬± 0.6 nm and the purple band have a wavelength of 444.0 ¬± 0.9 mn when compru ed to the balmer series these wavelength agree with the actual transition wavelength so they can be consider accurnte the main enors that arose in the wavelength be the enors from measure the diffraction angle of each band which manifest itself in the value of sin0 the calibration of the spectrnmeter be a cause of systematic error even tl1ough the spectrometer be calibrate carefully it be largely do by eye so we can expect a small yet non-negligible constant enor throughout the result i estimate this to be approximately ¬±0.3nm another major source of systematic euor be the change of the hydrogen lamp midway through our experiment a previously mention the model be the same however they can not be expect to perf01m in the same way i take this to be a systematic enor which be only prevalent in the data record after the change from when the lamp change the relationship still seem to follow a consistent b'end with no real sign of fluctuation fmthe1more a the lamp be the same model and be manufacture at a similar time i have take tl1e e1rnr to be negligible random enors have also be consider despite reading from a camera there be still random enor in reading from the vernier scale i approximate this to be ¬±0.18nm by observe the small change of angle which could be dete1mined and use equation 2 to check the change in wavelength additionally background source of light do become a sligl1t issue and we do find slight drop in intensity at point which create more unce1iainty when take reading when this occuned we ensmed that the background light be remove and we remeasured the value to get an eitor from a measurement of wavelength we add the eitors in quadrature to get a set eitor of ¬±0.35nm for every measurement this then have to be add in quadrature to the enor which occmted due to the width of the band of light this be the individual main somce of eitor and it account on average to 50 of each eitor on the wavelength on figme 3 there be no euor bar show a they be so small that they affected the clarity of the data point therefore i remove them to dete1mine the rydberg constant we first have to have accurate estimate of the transition wavelength of the emission band we be observe from figure 3 you can see that each band follow a linear relationship which pass through the origin the gradient at each point be equivalent to the transmission wavelength divide by the slit space use this data we compute the wavelength of each band the wavelength of the red band be 622.6 ¬± 0.7 nm the blue band be 493.3 ¬± 0.6 nm and the purple band have a wavelength of 444.0 ¬± 0.9 mn when compru ed to the balmer series these wavelength agree with the actual transition wavelength so they can be consider accurnte the main enors that arose in the wavelength be the enors from measure the diffraction angle of each band which manifest itself in the value of sin0 the calibration of the spectrnmeter be a cause of systematic error even tl1ough the spectrometer be calibrate carefully it be largely do by eye so we can expect a small yet non-negligible constant enor throughout the result i estimate this to be approximately ¬±0.3nm another major source of systematic euor be the change of the hydrogen lamp midway through our experiment a previously mention the model be the same however they can not be expect to perf01m in the same way i take this to be a systematic enor which be only prevalent in the data record after the change from when the lamp change the relationship still seem to follow a consistent b'end with no real sign of fluctuation fmthe1more a the lamp be the same model and be manufacture at a similar time i have take tl1e e1rnr to be negligible random enors have also be consider despite reading from a camera there be still random enor in reading from the vernier scale i approximate this to be ¬±0.18nm by observe the small change of angle which could be dete1mined and use equation 2 to check the change in wavelength additionally background source of light do become a sligl1t issue and we do find slight drop in intensity at point which create more unce1iainty when take reading when this occuned we ensmed that the background light be remove and we remeasured the value to get an eitor from a measurement of wavelength we add the eitors in quadrature to get a set eitor of ¬±0.35nm for every measurement this then have to be add in quadrature to the enor which occmted due to the width of the band of light this be the individual main somce of eitor and it account on average to 50 of each eitor on the wavelength on figme 3 there be no euor bar show a they be so small that they affected the clarity of the data point therefore i remove them,expert,bal
32,GS_SRW902_Redacted,from equation 21 a plot of sin Œ∏ against order number m will yield a straight line of gradient Œª d two diffraction grating be available during this experiment one with 80 line per millimetre the other with 300 line per millimetre preliminary experimental data show that use the grate with 300 line per millimetre be much more beneficial for this experiment the sharpness and clarity of the diffract beam increase a the number of slit per unit length increase this meant that it be easy to align the telescope with the left and right side of each beam since the side be more define the space between each beam be on average ‚âà 9 ‚Ä¢ when use the 300line grate compare to ‚âà 22 ‚Ä¢ apart for the 80-line grate a consequence of this space be the number of diffract beam that could be observe beam of order m 2 be not at all visible when the 80-line grate be use however when use the 300-line grate third order beam be visible for red light a Œ∏ widtherror of around 25arcminutes be measure for the beam when use the 80-line grate during the experiment only the 300-line grate be use to produce the diffract beam this kept the Œ∏ widtherror to a minimum and allow for the maximum number of diffract beam to be observe and their position measure 21 and contains error bar for the angle measure at each diffract beam there be no error along the horizontal axis since the order number be unambiguous and could clearly be count from start at the zeroth order beam the zeroth order beam be identify a be a different colour to all the other beam it position be such that the red and blue light appear in the same place and so a purple colour beam be see error along the vertical axis be dependent upon the vary error Œ∏ widtherror define by equation 23 a well a the constant error of ¬±1arcminute due to take reading from the vernier scale measure the wavelength of red and blue light from their emission line in the balmer series from a hydrogen lamp allow for two value of the rydberg constant to be calculate these be r ‚àû 1.11 ¬± 0.01 √ó 10 7 m ‚àí1 use the measure wavelength of red light and r ‚àû 1.0 ¬± 0.1 √ó 10 7 m ‚àí1 use the wavelength of blue light the value lie either side of the accepted value and combine give a weight experimental average of the rydberg constant a r ‚àû 1.10 ¬± 0.01 √ó 10 7 m ‚àí1,deep,bal
33,GS_GKW379_Redacted,result 1 the grate spectrometer be an extremely accurate measure apparatus allow angle measurement precise a arcminute by use the principle of the diffraction grate and the energy level of hydrogen a quite accurate value of the rydberg constant be calculate the hydrogen lamp be quite easily over-heated result in the use of multiple different hydrogen lamp within the measure process this potentially introduce more uncertainty and could be avoid with more care on the time of usage of the lamp the experiment could also be repeat several time in order to reduce the potential error in the process of observe the diffraction pattern there be many external light source come from the background result in extra light strip be introduce this increase the chance of measure the wrong light strip and could be reduce by cover the light source and block all the light come into the telescope,superficial,bal
34,GS_MJV182_Redacted,from the linear regression analysis of the slope in figure 2 the standard error in the gradient of the slope be 0.000225 0.0012 0.00271 for the red blue and violet spectral line respectively these along with the error in the slit separation of the diffraction grate can be use to calculate the overall error in the value obtain for the rydberg constant here be an example calculation for the 'red line set of data the error in the slit separation of the diffraction grate be take a ¬±2 a state by the manufacturer thus d slope slope 0.000225 0.0522 0.00431 6 the three obtain value for the rydberg constant via this diffraction grate experiment be 1.10 ¬± 0.02 √ó 10 7 1.10 ¬± 0.04 √ó 10 7 and 1.09 ¬± 0.09 √ó 10 7 m ‚àí1 this method have thus be an effective mean to determine the value of the rydberg constant a the widely accepted correct value of the constant 1.097 √ó 10 7 m ‚àí1 lie within the range each calculate value 's error margin in order to reduce the level of uncertainty in the future the experiment should be carry out with the hydrogen lamp and grate spectrometer clamped into place in order to prevent any off-balancing knock and another few set of reading would have be ideal to increase the reliability of the data gather,extended,exp
35,GS_HDP206_Redacted,the data for the red emission line be show in fig 4 use the line fit we can calculate the wavelength with equation 1 the aim of the experiment be to calculate the rydberg constant from the balmer series for hydrogen the experimental method be base on a grate spectrometer use a hydrogen lamp a light source through this method we obtain the result of ùëÖ ‚àû 1.061 ¬± 0.020 10 7 ùëö ‚àí1 and a percentage uncertainty of 1.9 compare to the accepted value of ùëÖ ‚àû 1.09737316 10 7 ùëö ‚àí1 our result be relative good at a percentage difference of 3.6 however the uncertainty of 1.9 could have be reduce by minimize our systematic error and reduce the random error by take more measurement some of the important factor with the experiment be the setup of the spectrometer and take consistently accurate measurement with the eyepiece and the vernier scale a potential solution to minimize this systematic error be to digitalize the measurement of the emission line and diffraction angle,superficial,bal
36,GS_FVA673_Redacted,upon my lab partner and i take two individual reading for every fringe the maximum difference between our reading be 3 minute 0.05 degree hence error in the angle measurement be 0.05 degree the value of angle in degree be know to 4 significant digit hence all value will be write upto 4 significant digit in this report we have present the calculation of rydberg 's constant by the method of spectrometry a hydrogen lamp be observe through a grate spectrometer upon which the wavelength of the balmer line observe be measure use which the rydberg constant could be estimate,extended,bal
37,GS_QMC249_Redacted,base on equation 1 it can be see that by plot sin Œ∏ against m for line of a certain colour where Œ∏ would be the difference between the angle at central maximum and the angle at a certain order m a linear graph would be obtain where it gradient would be equal to Œª d this mean that the wavelength of the light can be determine by multiply the gradient by the slit separation d. in this report we examine the balmer series for hydrogen and present an experimentally obtain value for the rydberg constant which be reasonably close to the accepted value despited that the fractional uncertainty of three part per thousand be ten time the theoretical precision of three part per ten thousand for a grate spectrometer which be partly due to misalignment of the spectrometer moreover the accepted value be n't within the error bound obtain far indication that there be source of error not take into account or otherwise underestimated this experiment could be improve if the alignment of the spectrometer be improve a well a by take more reading,deep,bal
38,GS_GOO868_Redacted,the data that we collect for each colour can be see in the figure below and with each of these data point have an associate error that be carry through in the final calculation the aim of this experiment be to gain a value for the rydberg constant which be achieve however unless you remove the anomaly from the data we collect an inaccurate value be produce additionally due to two data point have much well accuracy and precision it reveals how when conduct the second set of experiment for the blue spectral line the spectrometer be setup incorrectly,superficial,the
39,GS_DAR896_Redacted,the main source of random error which be introduce in the experiment be when take measurement of the angle diffract by line spectrum use the vernier scale while the vernier scale be highly precise the main random error associate with the measure equipment be the resolution of the vernier scale which be estimate to be 0.05 degree this random error be estimate by judging how many division on the vernier scale appear to be also correct and then halve this range which be the estimate random error use for this the aim of this experiment be to determine the rydberg constant through investigate the hydrogen balmer series use a grate spectrometer this be achieve by use a pasco student spectrometer and hydrogen lamp the optical spectrometer be use to measure the angle of diffraction for multiple order for the red and blue light emit a part of the hydrogen balmer series graphical and computational analysis be then use to attain precise estimate value for rydberg 's constant,superficial,the
40,GS_XMC918_Redacted,the result we be able to obtain include only two wavelength of the balmer series a low wavelength be not visible with the set up use the two correspond to n value of 3 for the red light and 4 for the blue violet light which we assume to correspond to n=5 be visible only to the first maximum and so we be unable to gather enough data point to calculate a precise value for it wavelength and other colour be not visible at all a show in fig 2 and 3 the data fit extremely well to a linear relationship a predict by our model this allow u to calculate value for the wavelength of 6614762x10 -13 +/-7x10 -13 m for the red light and 47739x10 -11 +/-1x10 -11 m for the blue use 2 use our method we be able to obtain a value for the rydberg constant which fell within 1 of the accepted value however a we underestimated the systematic error inherent in our set up our value conflict with the accepted value despite be so close in order to make it a useful measurement we would need to return to the experiment and thoroughly investigate and quantify the impact of all potential source of systematic error described in section iii once this be do it would be possible to both more confidently state which source of error cause the issue in this experiment and to repeat the experiment with well control and understand of these error to obtain a more accurate value of the rydberg constant,deep,bal
41,GS_BKZ271_Redacted,every observe spectral line have a certain angular spread when observe through the spectrometer this spread can be minimise by narrow the slit of the instrument for most visible line the slit can be kept narrow enough so the error be immeasurable with this apparatus but a you pan farther out the line be blur and can not be view with a narrow slit in these case the angular spread of the line be measure and that be use a a measure of the uncertainty in the measurement of the position of the line the uncertainty in table 1 be these very angular spread since these be measure for the furthest line observe the error be the maximum possible for the precede line also thus this have be accepted a the maximum possible error in each colour the value of rydberg 's constant obtain from the experiment for red and violet spectral line be 1.061 ¬± 0.073 x10 7 m ‚àí1 and 1.061 ¬± 0.01 ùë• 10 7 ùëö ‚àí1 respectively although these value do not coincide with the accepted value of rydberg 's constant which be 10973731.6 ùëö ‚àí1 their uncertainty cover this value this uncertainty however may arise from several source both random and systematic the aim of this experiment be to determine the value of rydberg 's constant to a certain degree of precision and accuracy use a grate spectrometer a sodium-vapour lamp for calibration and a hydrogen discharge lamp to observe the spectral line the basic theory behind this experiment be derive from the principle and theory of diffraction atomic spectrum and the basic idea of quantum physic the chance of success be strong with this experiment a it us apparatus with a low margin for error since most of the data analysis be do on python error due to calculation and human error be minimise although there be n't many light must be shone on the few yet significant possibility of error in this experiment since the measure equipment consists of a spectrometer and a hydrogen lamp the main source of error be the relative position of the lamp slit and diffraction grate also since the position of the telescope and centre of the cross wire be do use our naked eye accuracy be very limited there be also the systematic error that arises from the spread of wavelength widen of the spectral line this error however can not be measure a beyond a point the cross wire be too thick to accurately measure the angular width of the spectral line,deep,bal
42,GS_KGL587_Redacted,we go on to measure the angle at which the order occu l '' ed from the -5 th order up to the 5tll order for both the red and blue light thus produce 11 data point per colour the 1101malised data be a follow 4 the only true measurement take be the reading of the angle at which the order occm1‚Ä¢ed this value be obtain use a vemier scale protractor the vemier scale allow for the measurement to be approximate to the near 60 th of a degree :e 0.00167¬∞ we both take a measurement in order to calculate the error however our measurement be almost always the same thus we will assume that the e l'or in the reading for 8 :e 0.002¬∞ due to the finite accuracy of the equipment and parallax e1l'or since the angle be all relatively 'small co b :e l. since t. sin b t.b co b the error in sin b :e 0.002. we set out to produce an estimate of the rydberg constant use precise diffraction spectrometry of a hydrogen lamp we obtain good data and promising result for the measurement of the wavelength of the light that we observe use this data we found an approximation for the constant 10983413.06m-1 13990.33m-1 this final value differs from the scientifically accepted value by only 0.088 thus our uncertainty range happily encompasses the accepted value a state above our initial evaluation of the tmcertainty be 10.4 this indicates that perhaps we over-estimated our uncertainty and be in fact much more accurate in measure angle than we predict,superficial,bal
43,GS_HSB934_Redacted,systematic error be then address the computer calculate uncertainty on the gradient and the percentage error in d be add in quadrature to give ÔÅ≥b of ÔÇ±0.027m -1 and ÔÅ≥r of ÔÇ±0.006m -1 the percentage error for rÔÇ•r be small only ÔÇ±0.51 whereas that of rÔÇ•b be almost five time large ÔÇ±2.5 one can see from the position of the data point relative to the line of best fit in figure 4 that this be due to the presence of more variation with blue light which lead to a great uncertainty in the gradient,superficial,bal
44,GS_BSS487_Redacted,this experiment aim to allow a precise value of the rydberg constant to be calculate the constant can be use to predict energy of emit photon from atom use the spectrometer wavelength for emission of hydrogen be found by graph the diffraction of each emission through the grate against the order the change in energy for each specific emission be then graph against the inverse of the wavelength this allow the final value of the rydberg constant to be calculate a 1.0766e7 ¬± 3.07e5 m -1 this error be less than 3 while the difference between the calculate value and the accepted value of 1.0973731568508e7 be below 2 with more reading take and be in a dark room isolated the value could be calculate more precisely,superficial,the
45,GS_HBQ145_Redacted,spectral line have some thickness and be not infinitely sharp therefore there be an uncertainty associate with the diffraction angle spectral line have this thickness because the atom emit the light be move relative to the observer and the energy level can not be define to exceedingly high or infinite precision due to heisenberg 's uncertainty principle see appendix b 13 the angle be measure to the left and right of the first order blue spectral line we measure this angle to be 10 arcminute the error in 1 d be assume to be negligible and the error in the diffraction angle be assume to be fix at 10 arcminute the error in the gradient be calculate by find the first entry in the covariance matrix for the data for each colour this be do in the computer program language python figure 5 -7 show the plot for each colour observe in the hydrogen balmer series use the correct angle where a reading of 209 ‚Ä¢ and 29 arcminute corresponds to 0 ‚Ä¢ between the normal to the diffraction grate and telescope the vertical error bar be very small for each plot a the spectral line be thin result in a small error in the diffraction angle another factor that contribute to small vertical error bar be the high accuracy of the vernier scale to the near 1 arcminute the aim of the experiment be to calculate rydberg constant for hydrogen by take measurement of the hydrogen balmer series use a grate spectrometer to do this light from a hydrogen lamp be make parallel and pass through a diffraction grate each colour in the balmer series blue green and red diffract by different angle which be measure and the sine of the angle be plot a a function of the order of the spectral line we then calculate three value for the rydberg constant for hydrogen r h for each colour use the gradient of the plot our mean value for r h be 1.113000√ó10 7 ¬± 2.342√ó10 4 the mean differs by ‚âà 1 of the actual accepted value 109737321.568508 which lie outside our uncertainty an improvement to our experiment would be to measure the diffraction angle to high order which would reduce the error in the gradient in order to achieve this we would have to perform the experiment in a darker room with no lamp so that high order for all colour be make visible a poor assumption be also make that the error in the diffraction angle be fix however an improvement would be to measure the thickness of each of the spectral line another improvement would be to measure diffraction angle spectral order go in the negative direction this would enable u to calculate more value for r h thus reduce the effect of random error appendix a derivation of the rydberg formula 13 14 use niels bohr 's picture of the atom we consider an electron orbit a proton where the centripetal and coulomb force equate,extended,the
46,GS_YCF820_Redacted,for both the preliminary and final result a sodium lamp be substitute for a hydrogen lamp the hydrogen lamp be switch off when not in use to prevent overheat final adjustment be make to the slit size before measurement be take to ensure optimum intensity and resolution preliminary result be then record for each transition wavelength Œ∏ be measure against both positive and negative order some data value in the table have be replace by n/a which signifies that the reference angle for that order could not be obtain this be primarily due to light pollution from other lamp meaning that it be difficult to identify fringe line the primary aim of the investigation be to measure the spectrum of hydrogen and to obtain an accurate value for the rydberg constant the secondary aim be to obtain an error of magnitude of less than 1 √ó 10 ‚àí3,extended,bal
47,GS_NQR167_Redacted,the experimental procedure begin by set up the grate spectrometer our primary aim be to take measurement of the diffraction angle at each order number for the red and blue hydrogen spectral line and determine the average diffraction angle for each order number in order to determine the value of wavelength ùúÜ a straight line graph of ùë†ùëñùëõ ùúÉ ‚àí ùúÉ 0 against ùëö have to be drawn whose gradient would be equal to ùúÜ ùëë therefore enable u to calculate Œª. the value of sin ùúÉ ‚àí ùúÉ 0 at each diffraction order have to be determine by subtract the average diffraction angle at each specific order ùúÉ by the average angle at zeroth order ùúÉ 0 and then take the sine of the difference between the two angle finally use formula 5 the rydberg constant for each spectral line could be determine by observe the spectral line of hydrogen the value of the rydberg constant we obtain for the blue and red spectral line be 0.965 √ó 10 7 ùëö ‚àí1 ¬± 8.44 √ó 10 5 ùëö ‚àí1 and 1.087 √ó 10 7 ùëö ‚àí1 ¬± 2.500 √ó 10 5 ùëö ‚àí1 respectively the overall value of the rydberg constant determine from the weight average of the rydberg constant of the two spectral line be 1.077 √ó 10 7 ùëö ‚àí1 ¬± 2.400 √ó 10 5 ùëö ‚àí1 it uncertainty brings the measurement into the range cover the true value of rydberg constant of 1.097 √ó 10 7 ùëö ‚àí1 ¬± 6.500 √ó 10 ‚àí6 ùëö ‚àí1 show that our measure value be compatible,extended,bal
48,GS_RAK801_Redacted,our calculate value of r‚àû 1.086 x10 7 m -1 do not match the true value of r‚àû which be 1.097 m -1 this be possibly due to spectrometer misalignment defocus lamp position a well a background light these all contribute to systematic error in this experiment and tiny detail like these should be consider the calculate wavelength be not exactly the same a the true value so i believe this also affected the final value of r‚àû calculate however i believe that with a few minor change our setup and measure value could be improve to obtain a value of r‚àû that be closer to the true value,superficial,bal
49,GS_MHH822_Redacted,use the data collect in section 4 we plot a graph of order number against the sine of the angular displacement sine a show in fig 5 a the vemier scale give a value in degree and arc minute when calculate sine we have to conve1t arc minute into degree when inputting data for our graph we take the modulus of our negative value and combine them with the positive value to create few but large data set for each order number we be able to do this a the displacement of each maximum on the right-hand side of the central maximum be equal and opposite to that of those on the left-hand side combine the value produce a more accurate ettor estimation for the individual point plot and thus the decrease overall e1rnr on the gradient use equation 1 we use the gradient of each of the colour line in fig 5 multiply by the slit space to calculate a. these wavelength along with the accepted wavelength for the balmer emission series and original energy level of the electron that cause the emission 4 be show in table 1 show wavelength of light entitted in the balmer series the data for the universally accepted wavelength and the 'initial energy level column be take from previous scientific research on the balmer series 4 our aim for this experiment be to calculate r ¬•ÔÇ• with a high degree of precision and accuracy with a low uncertainty of just one or two part per thousand with careful use of a grate spectrometer this should have be achievable due to time constraint and lack of experience use the equipment we do not achieve this our final result be 10887000 ¬± 74000 m -1 whilst this value be close to the accepted value it be still not accurate within the range of our calculate error there be many different data that contribute to our final result each with it own uncertainty a such minimize error on individual measurement be a primary concern the necessity to minimize all individual error and precisely set up equipment be clear however occasionally this necessity be partially disregard due to time constraint a we take a lot of time focus the lens we have minimal time align the diffraction grate i conclude that this grate misalignment be the large source of error in the experiment although it be numerically estimate to be a relatively small value technique to reduce this error include a more precise set up and multiple repetition of the set-up should be implement with far experience and well time management this would be achievable our precision and accuracy could be increase and uncertainty decrease by take more repeat measurement for our data again this be achievable with improve time management we could also improve accuracy by use technology to prevent human error such a misread of the vernier scale a computer sensor to measure angular displacement would have be much more accurate than the human eye in a darken room,deep,the
50,GS_GYI981_Redacted,constant for all wavelength be relatively small around 2 for each meaning the result be reliable the linear relationship between the sine of the diffraction angle and order be prove graphically for all of the colour of light produce by hydrogen so the method be successful in prove the theory need to calculate the wavelength of the diffract light to improve the experiment i would have carry out the method in a darken isolated room where only one experiment be occur at a time ensure that there be a little external source of light a possible this would have be beneficial a with external source light it be difficult to see the spectral line produce by the diffraction grate and therefore it be a challenge to align the crosshair onto the centre of the spectral line by do this the uncertainty in the alignment would have decrease and consequently the overall uncertainty in the calculate value for the rydberg constant would have be small increase the reliability of the result another way to improve the experiment would be to take repeat reading of the angle of diffraction by for example both my lab partner and i take a reading of the scale for each spectral line this way a mean value could be calculate a well a the uncertainty in the angle this experiment have verify that the experimental set-up be capable of measure to a high accuracy by use data take from the set-up to calculate a know value to an acceptable degree of accuracy with small uncertainty within which the know accepted value lie,extended,bal
